ship_date,ship_name,passenger_list
1890-01-23,Oonas,"{""passengers"":[""Mr. W. B. Harris"",""Rev. W. Thomas"",""Rev. Evans"",""Mr. Strachan"",""Mr. Grant Dalton"",""Mrs. Dalton"",""Mr. Ochs"",""Mrs. Ochs"",""Mr. P. C. Gagarine"",""Mrs. Gagarine"",""Mr. Wilber F. Stone"",""Mr. G. F. Gill"",""Mrs. Gill"",""Mr. Von Ostau"",""Mrs. Von Ostau"",""Mr. Ellsworth"",""Mrs. Ellsworth"",""Mr. G. H. Allison"",""Mr. Bowles"",""Mrs. Bowles"",""Mr. Tatham"",""Mrs. Tatham"",""Miss Tatham"",""Miss A. J. Whitby""]}"
1890-12-16,Tewfik,"{""passengers"":[""Mr. A. Baring"",""Mrs. Baring"",""Mr. E. W. Fuller"",""Mr. Neustadter"",""Mrs. Neustadter"",""Miss L. F. Randolph"",""Miss C. L. Ransome"",""Miss R. Curtis"",""Miss C. M. Sterns"",""Miss E. M. Richey"",""Mrs. L. B. Stephens"",""Miss Stephens"",""Miss Stephens"",""Master Stephens"",""Dr. E. Hobhouse"",""Mr. Weyman"",""Capt Hardy"",""Mrs. Hardy"",""Miss Hardy"",""Miss A. Crowley"",""Miss C. Brownlow"",""Drs. Francis Hoggan"",""Mr. W. Frere"",""Dr. W. Morris"",""Mrs. Morris""]}"
1891-12-05,Hatasoo,"{""passengers"":[""Mr. Leavitt"",""Mrs. Leavitt"",""Mrs. Leavitt"",""Miss Leavitt"",""Miss Patterson"",""Miss Patterson"",""Miss Locker"",""Mr. Manzavino"",""Mrs. Manzavino"",""Mr. Alfieri"",""Mrs. Alfieri"",""Child"",""Maid"",""Miss Gongh"",""Mr. Von Hesse"",""Mrs. Von Hesse"",""Mr. Holtz"",""Sir G. Wellesley"",""Lady Wellesley"",""Maid"",""Mr. Tyler"",""Mr. Roller"",""Capt. Phipson"",""Capt. Maccoan"",""Miss Lloyd"",""Misk Edith Lloyd""]}"
1891-12-15,Rameses The Great,"{""passengers"":[""Mr. R. E. Spencer"",""Mrs. Spencer"",""Mrs. R. Mocre"",""Miss C. M. Gardner"",""Sir H. Roscoe"",""Lady Roscoe"",""Miss Roscoe"",""Miss Roscoe"",""Mr. Regan"",""Mrs. Regan"",""Mr. A. T. Pearson"",""Mrs. Pearson"",""Miss Darbishire"",""Mr. Darwin"",""Mrs. Darwin"",""Miss Norton"",""Maid"",""Count Sizycki"",""Mrs. Clarke Salmon"",""Miss Clarke Salmon"",""Baron Hohn"",""Mr. von Tscharner"",""Rev. J. S. Haworth"",""Mr. R. Darlington"",""Mr. J. Seligman"",""Mr. T. Seligman"",""Mrs. T. Seligman"",""Miss Seligman"",""Miss Seligman"",""Maid"",""Courier"",""Dr. C. R. Atchison"",""Mr. Cooke"",""Mrs. Cooke"",""Mr. R. Lehmann"",""Mr. Gibson"",""Mr. I. Mackeen"",""Mr. R. von Tenneburg"",""Mr. Fox"",""Mr. G. B. Knight"",""Dr. Ryall"",""Mrs. Littaner"",""Miss G. Sporbog"",""Doctor Chas. Higbee"",""Miss Dobie"",""Col. M. D. Russell"",""Mr. T. S. Wotkyns"",""Mr. Allott Lodge"",""Mrs. Allott Lodge"",""Count Veringen"",""Herr Schilgen"",""Manservant"",""Miss S. M. Spooner"",""Mrs. Locke"",""Mr. de Haut"",""Mrs. de Haut"",""Mr. Boulanger"",""Mr. Muller"",""Mr. Ritter"",""Mr. Harvey"",""Mrs. Harvey"",""Mr. Niessen"",""Mr. Arthur Molling""]}"
1890-01-14,Mohammed Ali,"{""passengers"":[""Miss Marquis"",""Miss R. Marquis"",""Miss E. E. Brock"",""Miss M. Brock"",""Miss Edith Brock"",""Miss Elizabeth Bowe"",""Mr. E. H. Cole"",""Mrs. Cole"",""Miss Chase"",""Miss Howes"",""Dr. A. Veit"",""Dr. J. Mann"",""Mr. G. Sampson"",""Mrs. Sampson"",""Mr. E. Sasseville"",""Miss G. Hovey"",""Mr. Waters S. Davis"",""Mr. Davis"",""Mrs. Davis"",""Miss Mary H. Davis"",""Miss Emma C. Davis"",""Miss Sarah B. Davis"",""Mr. Sommerville"",""Mrs. Sommerville"",""Mr. J. G. S. Fawn"",""Miss Fawn"",""Miss Fawn"",""Mr. H. L. Hodge"",""Mr. J. W. Garrett"",""Mr. H. W. Garrett"",""Mr. Robert Garrett"",""Mr. Max H. Hoffmann"",""Mrs. Hoffmann"",""Miss Lampe""]}"
1890-02-04,Rameses The Great,"{""passengers"":[""Rev. J. W. Hatton"",""Mrs. Hatton"",""Mr. James Wales"",""Mrs Wales"",""Dr. D. K. Pearsons"",""Mrs. Pearsons"",""Miss J. Chapin"",""Miss C. R. Yates"",""Miss I. E. Bulkley"",""Miss L. Butler"",""Mr. Pence"",""Mr. Rosendale"",""Mrs. Rosendale"",""Mrs. E. R. Rogers"",""Miss N. Pettibone"",""Mr. W. G. Ainslie"",""M. P."",""Mrs. Ainslie"",""Mr. E. Wadham"",""Mrs. Wadbam"",""Mr. Culver"",""Mrs. Culver"",""Mrs. Sperry"",""Miss. Sperry"",""Mr. Crocker"",""Mrs. Crocker"",""Mr. C. Kidder"",""Mrs. Kidder"",""Mrs. S. V. R. Watson"",""Miss Watson"",""Miss Pease"",""Mrs. F. Cooper"",""General Baynes"",""Mrs. Baynes"",""Mr. H. Prudden"",""Mrs. Prudden"",""Mr. C. M Fletcher"",""Mr. Woolworth"",""Mrs. Woolworth"",""Mr. H. R. Lomas"",""Mr. A. Friend"",""Miss S. W Smith"",""Miss D. Roberts"",""Mr. R. C. Christie"",""Mr. H. Christie"",""Mr. G. F. Baker"",""Mrs. Baker"",""Miss Baker"",""Miss Q. Baker"",""Master Baker"",""Miss Wienitz"",""Miss Koeppe"",""Mr. Lafone"",""Mrs. Lafone"",""Mr. Newland"",""Mr. Porter"",""Mr. Dingle"",""Mrs. Gray"",""Mr. Ladd"",""Prof. Eisenlohr"",""Dr. Kussmaul"",""General Grant"",""Mrs.Grant"",""Mr. Grant"",""Mr. Hodges"",""Mrs. Hodges"",""Miss Hodges"",""Mr. John M. Cook"",""Mrs. Cook"",""Miss Cook"",""Miss F. B. L. Cook"",""Mr. St. Jorge"",""Mr. A. W. Lodge"",""Mrs. Lodge"",""Mr. M. Junghaendel""]}"
1890-02-07,Sethi,"{""passengers"":[""Dr. Armand De Potter"",""Mrs. Armand De Potter"",""Honble and Mrs. Frank P. Harder"",""Mrs. William Mc Kennan"",""Mrs. James H. Banker"",""Miss Marie Gottsberger"",""Mrs. L. J. Lauman"",""Mrs. A. B. O'Ferrall"",""Mr. and Mrs. W. H. Donae"",""Mrs. Ida F. Doane"",""Miss Daisy Doane"",""Mr. and Mrs. Lucius H. BigLow"",""Mrs. Annie T. Perkins"",""Miss Sadie J. Williams"",""Miss M. E. Blakely"",""Miss Victoria T. Blakely"",""Miss Lulian Blakely"",""Mr. and Mrs. Henry Phipps"",""Miss Amy Phipps"",""Mrs. John M. Martin"",""Mr. Frank E. Roff"",""Mrs. C. M. Roff""]}"
1892-02-13,Cleopatra,"{""passengers"":[""Miss Milne"",""Bishop of Ontario"",""Mrs. Lewis"",""Miss Caroline Turle"",""Mrs. Emmott"",""Mr. Wilson"",""Mrs. Wilson"",""Miss Williamson"",""Mr. H. E. Barff"",""Mr. Holroyd"",""Mrs. Ricard"",""Miss Bull"",""Miss Leslie"",""Mr. Robertson"",""Mrs. Robertson"",""Miss M. B. Bobertson"",""Mr. W. G. Wright"",""Mrs. Wright"",""Mr. J. C. Maclaurin"",""Mr. D. Mac Intyre"",""Mr. J. Scott"",""Mr. Davidson"",""Mrs. Davidson"",""Mr. Greg"",""Miss Greg"",""Miss Edmondson"",""Capt. Hallett"",""Mr. Fisher"",""Miss Hallett"",""Miss Blakiston"",""Mr. E. Samuel"",""Mr. Gayet""]}"
1892-11-26,Nefertari,"{""passengers"":[""Miss Hall"",""Rev. J. J. Twist"",""Miss Twist"",""Miss M. A. Twist"",""Miss Dewes"",""Major Heath"",""Mrs. Heath"",""Miss Helsham"",""Mrs. Newton Spicer"",""Miss Furber"",""Mr. Max von Groller Mildensee"",""Mrs. von Groller Mildensee"",""M. Boussac"",""Mr. J. Crossley"",""Mrs. Crossley"",""Mr. A. Nattali"",""M. Lamoisse""]}"
1890-01-21,Rameses,"{""passengers"":[""Mrs. Perry"",""Mr Melano"",""Mr. W. Howlend"",""Mrs. Howland"",""Miss A. Howland"",""Miss E. Howland"",""Miss J. Howland"",""Mr. F. B. Wood"",""Mrs. Wood"",""Mr. S. Leonard"",""Mrs. Leonard"",""Miss Leonard"",""Mr. A. Bersch"",""Mr. Bishoff"",""Mr. Ludwig Herhold"",""Mr. E. F. Spinner"",""Miss Healey"",""Mr. Luxford"",""Mrs. Luxford"",""Mr. Clark"",""Mrs. Clark"",""Mr. Walter Drake"",""Mrs. Drake"",""Miss Porter"",""Captain C. L. Reade"",""Mr. A. J. Jordan""]}"
1890-02-11,Prince Abbas,"{""passengers"":[""Mr. J. Leake"",""Mr. Hacking"",""Mr. H. E. Falk"",""Miss Falk"",""Mrs. A. Pretty"",""Miss Mackenzie"",""Miss Tanner"",""Mr. A. Haigh"",""Mr. J. H. Sykes"",""Mr. A. Walker"",""Mr. C. E. Ridley"",""Mr. E. H Fison"",""Mr. W. Blair"",""Mrs. Blair"",""Rev. E. Maclure"",""Mrs. Maclure"",""Mr. Whitaker"",""Mrs. Whitaker"",""Mr. J. Kennedy"",""Mrs. Kennedy"",""Miss Stansfeld"",""Miss Stansfeld"",""Mr. Carpmael"",""Mrs. Carpmael"",""Mr. L. Holden"",""Mrs.Holden"",""Mr. Edgelow"",""Mrs. Edgelow"",""Mr. Foster"",""Mrs. Foster"",""Miss Agnew"",""Miss Shaffel"",""Miss Sugden"",""Miss Smith"",""Miss Helen Cosway"",""Miss Lucy Halliday"",""Miss Constance Halliday"",""Mr. Dobbelaer"",""Mr. Albert Le Moigne"",""Mrs. Le Moigne"",""Miss Cockshott"",""Mr. Lach√®vre"",""Mr. G. W. Sweeney"",""Mrs. Sweeney"",""Mr. Todd"",""Rev. Allen"",""Mrs. Allen"",""Mrs. Lucien Carr"",""Miss Carr"",""Mrs. Caine"",""Miss L"",""M. Giles"",""Mr. Menini""]}"
1890-02-18,Rameses,"{""passengers"":[""Dr. Gilman"",""Mrs. Gilman"",""Miss Gilman"",""Miss Gilman"",""Mr. J. O. Norris"",""Mr. Morton Mac Michael"",""Mrs. Morton Mac Michael"",""Mr. H. C. Denniston"",""Miss Denniston"",""Mr. E. Macduff"",""Mrs. Macduff"",""Rev. Jacob Fry D. D."",""Rev. T. C. Billheimer"",""Mr. G. W. Bissell"",""Mr. H. E. Bilbrough"",""Miss Bacon"",""Miss Holmes"",""Mr. C. Boeninger"",""Mrs. Boeninger"",""Mr. R. von Rath"",""Mrs. von Rath"",""Mr. F. J. K. Cross"",""Major Hutchinson"",""Mr. Ward"",""Mrs. Ward"",""Miss Ward"",""Miss M. J. Roe"",""Mrs. F. A. Brown"",""Rev. W. R. Fletcher M. A."",""Mrs. Fletcher"",""Mr. Turner"",""Miss Turner"",""Mr. Fletcher"",""Mr. Robert Kolisch"",""Mr. Fletcher"",""Mrs. Fletcher"",""Mr. M. Sparke"",""Miss L. L. Oldroyd"",""Miss Sparke"",""Sir W. Farrer"",""Lady Farrer"",""Miss Farrer"",""Miss Farrer"",""Mr. H. Bright"",""Mr. T. Hollands"",""Mrs. A. Kennedy"",""Miss Kennedy"",""Rev. W. E. B. Gunn"",""Gen. Sir F. Grenfell"",""Lady Grenfell"",""Miss Grenfell"",""Miss Paget"",""Mr. Alexander"",""Mrs. Alexander"",""Mr. Clarke"",""Mr. Brook"",""Major Wingate"",""Major Maxwell"",""H. E. Rogers Pasha"",""Mr. W. W. Paxton"",""Miss C. D. Paxton"",""Rev. J. D. Paxton"",""Mrs. Paxton"",""Count Westphalen"",""Prince Schwarzenberg"",""Mr. T. S. Harrison"",""Mr Edwin von Rath""]}"
1890-02-20,Oonas,"{""passengers"":[""Mr. Findlay"",""Mrs. Findlay"",""Mr. Cunninghame"",""Mrs. Cunninghame"",""Miss Cunninghame"",""Mrs. Monins"",""Miss Chevallier"",""Miss Chevallier"",""Lady Wingate"",""Miss Wingate"",""Miss Wingate"",""Miss Samuelson"",""Mr. Macdonogh"",""Mr. Macdonogh"",""Mr. Torres"",""Lady Eyre Williams"",""Mrs. Eyre Williams"",""Col. Eyre Williams"",""Mr. Johnson"",""Mr. Leitner"",""Mrs. Leitner"",""Dr. Cohen""]}"
1890-02-05,Amenartas,"{""passengers"":[""Mr. Zambelletti"",""Mrs. Zambelletti"",""Miss Alice Foster"",""Miss Emmie P. Foster"",""Mrs. John S. Ward"",""Mrs. John S. Ward"",""Mr. John Seeley Ward"",""Mrs. Ward"",""Miss Hattie Ward"",""Miss Alice Ward"",""Mr. J. Cranage"",""Mrs. Cranage"",""Mr. S. Cranage"",""Miss Cranage"",""Mr. Connal"",""Miss Van Tassel"",""Mr. Beckford""]}"
1890-02-05,Mohammed Ali,"{""passengers"":[""Miss Pontifex"",""Miss E. Pontifex"",""Miss F. Pontifex"",""Mrs. Henry Jackson"",""Mr. Hamilton Jackson"",""Mr. F. F. Tuckett"",""Mr. A. E. Hudd"",""Mr. F. Lloyd Philips"",""Mrs. Philips"",""Mr. F. W. Haigh"",""Mrs Haigh"",""Baron d‚ÄôHunolstein"",""Baroness d‚ÄôHunolstein"",""Comte de Durfort"",""Dr. Jex-Blake"",""Mrs. Jex-Blake"",""Miss N. Jex-Blake"",""Miss C. Jex-Blake"",""Mr. C. A. Mitchell"",""Miss Buxton"",""Sir G. Stucley"",""Lady Stucley"",""Mr. Stucley"",""Mr. Barratt"",""Mrs. Barratt"",""Mr. S. Storey M. P."",""Miss Storey"",""Miss Ethel Storey"",""H E. Lewa Settle Pasha"",""Mrs. Settle""]}"
1890-02-06,Amosis,"{""passengers"":[""Mr. Walter Lee"",""Mrs. Lee"",""Mrs. Davenport"",""Mrs. Shepherd"",""Miss. Sheppard"",""Miss Sheppard"",""Mr. Sheppard"",""Mrs. Dunn"",""Mr. Booth"",""Mr. Ramond"",""Mrs. Ramond"",""Mrs. Pierce"",""Mr. A. Von Quast"",""Mr. W. Hillmann"",""Miss Rowe"",""Rev. A. M. Sharp"",""Mr. E. Phillips"",""Miss Morrieson"",""Miss Sharp"",""Mrs. Bates"",""Miss Bates"",""Miss Bates"",""Mr. Hutchinson"",""Mrs. Hutchinson"",""Miss Hutchinson"",""Mr. Maynard"",""Mrs. Maynard"",""Mr. Young"",""Mr. Wait"",""Mrs. Wait"",""Mr. Balch"",""Dr. Evans"",""Mr. R. Percy Gray."",""Mr. Jameson""]}"
1890-11-18,Sethi,"{""passengers"":[""Mrs. Seymour"",""Miss Seymour"",""Maid"",""Manservant"",""Mr. W. M. Rolph"",""Mrs. W. M. Rolph"",""Mr. F. W. Frampton"",""Mrs. F. W. Frampton"",""Miss Frampton"",""Miss Frampton"",""Mr. W. Jung"",""Miss Coxon"",""Miss T. Coxon"",""Mr. C. J. Moore"",""Mr. E. N. F. Fenwick"",""Mr. J. Harwood"",""Mrs. J. Harwood"",""Mr. F. J. Taylor"",""Mr. Sequitz"",""Mrs. Sequitz"",""Mr. M. Harris"",""Mr. D. Fisher"",""Mr. H. W. Steedman"",""Miss F. M. Steedman"",""Mr. V. Schmidt"",""Mr. T. A. Cook""]}"
1890-02-25,Tewfik,"{""passengers"":[""Mr. R. Christy"",""Mr. H. Christy"",""Mrs. Darby"",""Mr. A. Christy"",""Mrs. Cnristy"",""Mrs. Townsend"",""Miss Nicholis"",""Mr. Goffey"",""Mrs. Goffoy"",""Mr. Fraser"",""Miss Fraser"",""Mr. J. Wark"",""Mr. M. Keiller"",""Dr. Greig"",""Mr. C. C. Houghton"",""Mrs. Houghton"",""Miss Houghton"",""Miss Houghton"",""Miss Bush"",""Mrs. King"",""Miss King"",""Mr. Peter Rissmann"",""Mr. Bissmann"",""Mr. W. D. Bissmann"",""Rev. T. Watson"",""Mrs. Waston"",""Mr. Gottfried Merzbacher"",""Mr. David Hewes"",""Mrs. Hewes"",""Mrs. Morrison Duncan"",""Miss Morrison Duncan"",""Mr. H. F. Munson"",""Mrs. Munson"",""Miss Fielden"",""Miss S. Fielden"",""Miss R. Fielden"",""Mr. E. T. Putnam"",""Mrs. Putnam"",""Mr. Jennings"",""Mrs. Jennings"",""Miss Jennings"",""Miss Bull"",""Mr. Playfair"",""Mrs. Madden"",""Mrs. Roberts"",""H. E. Halton Pasha""]}"
1890-12-02,Rameses,"{""passengers"":[""Mr. G. R. Denison"",""General Rosset"",""Mrs. Rosset"",""Mr. Isam White"",""Mrs. Isam White"",""Mr. J. Bachmayer"",""Mr. R. S. Lamb"",""Mrs. R. S. Lamb"",""Mr. R. R. Bury"",""Miss Bury"",""Mr. shaw"",""Mrs. Shaw"",""Miss Shaw"",""Dr. R. A. Newman"",""Mrs. Newman"",""Mr. Chas. G. Homer"",""Mrs. C. G. Homer"",""Mr. W. Riley"",""Mr. Newman"",""Mrs. Newman"",""Mr. M. Harris"",""Mr. Bemrose"",""Mrs. Bemrose"",""Vice Adm Deinbard"",""Mrs. Deinbard"",""Mr. W. Turner"",""Mrs. Turner"",""Dr. Rothe"",""Mr. Hope Edwards"",""Mrs. Hope Edwards"",""Mr. A. Richter"",""Miss Chataway"",""Mr. S. B. Bliss"",""Mrs. S. B. Bliss"",""Mr. W. Cochrane"",""Mrs. W. Cochrane"",""Mr. Cecil Cochrane"",""Miss Cochrane""]}"
1890-12-10,Hatasoo,"{""passengers"":[""Major Piercy"",""Mrs. Piercy"",""Captain Farrer"",""Mr. Ridley"",""Mr. Phipps"",""Mr. H. L. Rosher"",""Mr. F. Fowke"",""Mrs. J. A. Welsh-Collins"",""Miss Jackson"",""Miss Jackson"",""Mr. J. M. Cook"",""Mr. W. E. Kingsford"",""Mr. Fortier"",""Mrs. Fortier"",""Mr. A. Henon"",""Mr. E. Ginoux"",""Mr. B. Yilboeuf"",""Dr. W. P. G. Graham"",""Dr. Sarruf"",""Mdme L. de Fontanges"",""Major Drage"",""Haicalis Bey"",""Barriere Bey""]}"
1890-12-31,Sethi,"{""passengers"":[""Mr. B. Berens"",""Mrs. Berens"",""Mr. W. H. Meade King"",""Mrs. Meade King"",""Mr. R. M. King"",""Miss King"",""Mr. H. D. Didama"",""Mrs. Didama"",""Mr. W. H. Niven"",""Mrs. Niven"",""Mr. Ainsworth"",""Mr. Loomis"",""Mrs. Leech"",""Miss Harrison"",""Mr. Bolton"",""Mr. Bolton Jr"",""Mrs. Bolton"",""Manservant"",""Mrs. Cant""]}"
1891-01-03,Oonas,"{""passengers"":[""Col. C. Woolsey"",""Mrs. C. Woolsey"",""Miss W. Woolsey"",""Mr. C. H. Keene"",""Mr. E. W. Empson"",""Mrs. E. W. Empson"",""Mr. Leavitt"",""Mrs. Leavitt"",""Mr. F. H. Story"",""Mrs. F. H. Story"",""Mr. A. S. Hill"",""Rev. T. W. Lund"",""Mr. K. Lund"",""Mrs. G. H. Wathen"",""Mr. P. Percival"",""Miss Percival"",""Mr. Manuelle"",""Miss Manuelle"",""Csse d’Arnaud Bey"",""Mr. Cruger"",""Mrs. Cruger"",""Mr. J. M. Cook"",""Mr. Kingsford"",""Mr. Walmer"",""Gen Sir F. Grenfell"",""Lady F. Grenfell"",""Settle Pacha"",""Wingate Bey"",""Mrs. Wingate"",""Chakoor Bey"",""Maxwell Bey"",""Baron F. v. Liliencron"",""Baroness v.Liliencron"",""Bimbashi Frederick"",""Mr. Tonnics"",""M. le Comte Bocter"",""Mr. Schlieter"",""Lady Stracey"",""Maid"",""Rev. H. Martin"",""Mrs H. Martin"",""Miss Andrews"",""Mr. de Frankenstein"",""Mr. Lewis & 3 friends""]}"
1892-02-27,Hatasoo,"{""passengers"":[""Mrs. Johnstone"",""Mrs. Horsburgh"",""Miss Horsburgh"",""Mr. Latham"",""Mrs. Latham"",""Rev. Mearns"",""Mrs. Mearns"",""Mr. Senat"",""Mrs. Senat"",""Mr. W. Scott Elliott"",""Miss Scott Elliott"",""Dr. Berry"",""Mr. C. A. Jones"",""Miss Jones""]}"
1891-01-03,Hatasoo,"{""passengers"":[""Col. C. Woolsey"",""Mrs. C. Woolsey"",""Miss W. Woolsey"",""Mr. C. H. Keene"",""Mr. E. W. Empson"",""Mrs. E. W. Empson"",""Mr. Leavitt"",""Mrs. Leavitt"",""Mr. F. H. Story"",""Mrs. F. H. Story"",""Mr. A. S. Hill"",""Rev. T. W. Lund"",""Mr. K. Lund"",""Mrs. G. H. Wathen"",""Mr. P. Percival"",""Miss Percival"",""Mr. Manuelle"",""Miss Manuelle"",""Csse d’Arnaud Bey"",""Mr. Cruger"",""Mrs. Cruger"",""Mr. J. M. Cook"",""Mr. Kingsford"",""Mr. Walmer"",""Gen Sir F. Grenfell"",""Lady F. Grenfell"",""Settle Pacha"",""Wingate Bey"",""Mrs. Wingate"",""Chakoor Bey"",""Maxwell Bey"",""Baron F. v. Liliencron"",""Baroness v.Liliencron"",""Bimbashi Frederick"",""Mr. Tonnics"",""M. le Comte Bocter"",""Mr. Schlieter"",""Lady Stracey"",""Maid"",""Rev. H. Martin"",""Mrs H. Martin"",""Miss Andrews"",""Mr. de Frankenstein"",""Mr. Lewis & 3 friends""]}"
1891-01-06,Tewfik,"{""passengers"":[""Mr. F. C. Norton"",""Mr. Penfield"",""Mrs. Penfield"",""Miss Penfield"",""Dr. Jobson"",""Mrs. Jobson"",""Miss Smith"",""Mr. Tower"",""Mrs. Tower"",""Miss Tower"",""Miss Stetson"",""Mr. Schmidtbacker"",""Mrs. Schmidtbacker"",""Miss Klepper"",""Mr. Haimann"",""Mr. Eisenmann"",""Mr. Errera"",""Mrs. Errera"",""Maid"",""Count Orowrski"",""Mrs. Humphreys"",""Miss H. Humphreys"",""Miss E. H. Humphreys"",""Mrs. Goodall"",""Dr. Morris"",""Mrs. Morris"",""Mr. F. Scorer"",""Mrs. Scorer"",""Mr. J. Hughes"",""Mrs. Eegholm""]}"
1891-01-13,Rameses,"{""passengers"":[""Mrs. S. R. Brown"",""Miss Lockwood"",""Mrs. Scull"",""Miss Scull"",""Mr. W. Delaplaine Scull"",""Mr. P. A. Houghton"",""Mr. W. C. Houghton"",""Miss Houghton"",""Mr. E. Rawlings"",""Mrs. Rawlings"",""Maid"",""Mr. R. L. Moore"",""Mr. T. M. Moore"",""Mrs. Moore"",""Miss Moore"",""Mrs. Harrison"",""Miss Morris"",""Miss Summerton"",""Mrs. S. W. Balfour"",""Miss E. Nevitt Bennet"",""Mr. H. K. Caner"",""Mrs. H. K. Caner"",""Mr. G. Gooderham"",""Mrs. G. Gooderham"",""Miss Lulu Gooderham"",""Miss Lily Gooderham"",""Mr. T. G. Blackstock"",""Mr. C. H. S. Mixer"",""Mrs. Mixer"",""Mrs. J. Holmes"",""Miss C. A. Spring"",""Bishop of Minnesota"",""Mrs. Beeson"",""Miss Beeson"",""Miss Hess"",""Mrs. Crow"",""Mr. G. V. Forman"",""Mrs. Forman"",""Mr. Forman Jr."",""Mr. A. Lehmany"",""Mrs. Lehmany"",""Mr. Gruenhagen"",""Mrs. Gruenhagen"",""Mr. Moore"",""Mrs. Moore"",""Mr. J. W. Sprague"",""Mr. Halhday"",""Miss Coswav"",""Mr. W. H. B. Saunt"",""Mr. Alison"",""Mrs. Alison"",""Mr. W. J. Webster"",""Mrs. J. Chute"",""Mr. Stewart"",""Miss Stewart"",""Miss A. Stewart"",""Mr. Gibbon"",""Mrs. Gibbon"",""Mr. Letellier"",""Mrs. Letellier""]}"
1891-01-20,Prince Abbas,"{""passengers"":[""Vte Albert de Luccnay"",""Vtes Albert de Luccnay"",""Mr. T. H. Ransom"",""Mr. J. M. M. Candlish"",""Mrs. J. M. M. Candlish"",""Mr. Colfax"",""Mrs. Colfax"",""Mr. Robert Bevan"",""Mrs. Robert Bevan"",""Mr. Richard Parish"",""Mrs. Richard Parish"",""Mr. Lamon"",""Mrs. Lamon"",""Dr. Carton"",""Mr. W. B. Kaup√©"",""Mrs. Lane Johnson"",""Miss Kennedy"",""Maid"",""Mr. A. W. Gillman"",""Mrs. A. W. Gillman"",""Mr. Stewart"",""Mrs. Stewart"",""Miss Stewart"",""Master Stewart"",""Mr. Molson"",""Mrs. Molson"",""Miss Molson"",""Lady C. Lyon"",""Mr. Lyon"",""Mr. R. Jameson"",""Mrs. Chute"",""Mrs. Hardman"",""Miss Howard"",""Rev. E. K. Douglas"",""Mr J Worsley Taylor"",""Mr. S. E. Lyons"",""Mr. E. Watkin"",""Mr. W. H. Lindsay""]}"
1891-01-24,Cleopatra,"{""passengers"":[""Mr. T. J. Tuckett"",""Mr. A. E. Hudd"",""Rev. C. H. Hawkins"",""Mrs C. H. Hawkins"",""Rev. H. B. Hawkins"",""Mr. Jacob W. Fair"",""Col. Favre"",""Mrs. Favre"",""Mr. Rogers"",""Mrs. Rogers"",""Mr. A. Rogers"",""Miss Rogers"",""Courier"",""Maid"",""M. Borel"",""Mlle Borel"",""Dr. Wilkinson"",""Mr. T. Cooper"",""Mr. Kaup√©"",""Mr. Paris"",""Miss Cowen"",""Miss J. C. Cowen"",""Miss Mc Vean"",""Mr. Karqus"",""Mr. Karam"",""Mrs. Karam"",""Manservant"",""Mr. Surock"",""Mme Surock"",""Dr. Rogers"",""Mrs. Rogers"",""Mr. W. I. Jenkins"",""Mr. Scott Elliot"",""Mr. G. Nissim"",""Mr. H. B. Gray""]}"
1891-02-04,Sethi,"{""passengers"":[""Mr. W. P. Dixon"",""Mr. C. A. Dixon"",""Miss E. Bramwell"",""Miss C. Bramwell"",""Bev. L. Borrisow"",""Baron von Rigat Grunland"",""Baroness von Rigat Grunland"",""Miss von Rigat Grunland"",""Countess Boss"",""Capt. A. M. Causton"",""Canon Bawdon"",""Count G. Ostrowski"",""Mr J. B. Dugdale"",""Mr. S. W. Nash"",""Mrs. Monlrad"",""Miss Monlrad"",""Miss Sars"",""Mr. Hansard"",""Mr. Mason"",""Mr. G. Ulrich"",""Baron Neillem""]}"
1891-02-07,Amenartas,"{""passengers"":[""Jt. Mr. Mortimer Stuart"",""Mrs. Mortimer Stuart"",""Miss Mason"",""Miss Mason"",""Mr. Du Port"",""Mrs. Du Port"",""General Knobbes"",""Mrs. Knobbes"",""Miss G. Messner"",""Mr. B. Grun"",""Mr. Werner"",""Mrs. Werner"",""Miss Johnson"",""Miss E. Johnson"",""Miss Jones"",""Sir William Dean"",""Mrs. William Dean"",""Miss William Dean"",""Prof F. Butler"",""Mr. R. B. Parsons"",""Mrs. R. B. Parsons"",""Miss A. Parsons"",""Miss C. Parsons"",""Miss B. Parsons"",""Mr. Lefibore"",""M. Baron de Caters"",""M. Chamelies"",""Mr. Hoover"",""Mrs. Hoover"",""Mr. Doughty Walcott"",""H. E. Dr.GreenePacha"",""Miss Lamond"",""Mr. H. H. Eddison""]}"
1891-02-08,Mohammed Ali,"{""passengers"":[""Hr. von Arthaber"",""Frau von Arthaber"",""Hr. Lieut. Weigl"",""Frau Glaesel"",""Hr. Andrea"",""Hr. Bab"",""Beschorner"",""von Lenz"",""Dr. Base"",""Bullmann"",""A. Brünner"",""Dr. Bunzel"",""Cohn"",""Cohn Jr. Stud. phil."",""Th. Mayer"",""Dr. von Frad"",""Fraulein von Frad， Frau von Háasz-Grünenwaldt， Herbst， Hr. Hoffmann"",""Reg.-Ratb von Hornbostel， Jungmann， Frau Jungmann， Frau von Kleinmayrn"",""Hr. von Poche"",""Hr. Kaiserl. Rath Kupka"",""Kurz"",""Langer"",""Frau Langer"",""Hr. E. Müller"",""R. Mayr"",""von Mertens"",""Thomke"",""Dr. Neustadtl"",""Dr. jur. Pokorny"",""Gen.-Maj. von Pokorny"",""Frau Reinlein von Marienburg"",""Fraulein Reinlein von Marienburg"",""Frau Roelofs Walrave"",""Hr. Dr. Rohrer"",""Samuel"",""Frau Samuel"",""Fraulein Jacobs"",""Pater Schachinger"",""Fraulein von Scheibner"",""Hr. Seidl"",""Dr. Waterhouse"",""Frau Waterhouse""]}"
1891-02-10,Rameses,"{""passengers"":[""Manservant"",""Mr. T. H. Mc Connell"",""Mrs. T. H. Mc Connell"",""Miss. L. Mc Connell"",""Miss. L. Mc Connell"",""Maid"",""Mr. G. W. Taylor"",""Miss Routh"",""Mr. A. Buckley"",""Mrs. A. Buckley"",""Master Buckley"",""Mr. J. Reid"",""Mrs. J. Reid"",""Mrs. E. J. Ellis de Vesian"",""Mrs. S. J. Lord"",""Mr. G. W. Merritt"",""Mr. E. Merritt"",""Lt Gen Nugent"",""Col. Nugent"",""Mrs. Nugent"",""Mr. Van Kirk"",""Mrs. Van Kirk"",""Mr. C. A. Spencer"",""Mrs. C. A. Spencer"",""Mr. F. Fox"",""Mrs. F. Fox"",""Mr. H. J. Turner"",""Mrs. H. J. Turner"",""Miss Turner"",""Miss F. Turner"",""Mr. Wells"",""Mr. H. K. Ogilvy"",""Dr. Rüsso"",""Mr. D. Erskine"",""Mr. H. Hawkins"",""Mrs. H. Hawkins"",""Mr. M. Cartwright"",""Mr. W. C. Jackson"",""Mr. J. A. Bostwick"",""Mrs. J. A. Bostwick"",""Miss T. E. Bostwick"",""Mr. A. C. Bostwick"",""Miss Hilpert"",""Mr. E. de Lille"",""Mr. Johnstone"",""Mrs. Johnstone"",""Friend"",""Mr. H. A. Johnstone"",""Mr. W. A. Johnstone"",""Manservant"",""Miss Armitage"",""Mr. Summers"",""Miss Fox"",""Mr. F. Fowler"",""Mr. Kendall"",""Mr. Latham"",""Mr. Fraser"",""Mr. Tomkins"",""Mrs. Tomkins"",""Mr. Pavitt"",""Mr. Binder"",""Mr. Amsinck"",""Mrs. Amsinck"",""Courier"",""Mr. Eichborn"",""Mr. John von Freyend"",""Mr. Massicot"",""Mr. Hamburger"",""Mr. Schlossman"",""Mr. Brunet"",""Mr. Creasy"",""Mr. Robinson""]}"
1891-02-14,Nefertari,"{""passengers"":[""Mr. Stangen"",""Mr. Ehret"",""Miss Ehret"",""Miss Ehret"",""Miss Kullak"",""Mr. Gottheil"",""Mr. Kruegal"",""Mr. Lohmann"",""Mr. Schulz"",""Mr. Zietemann"",""Hon. Mrs. H. Campbell"",""Miss Campbell"",""Maid"",""Miss Chetwode"",""Maid"",""Mrs. Bancroft"",""Miss B. Bancroft"",""Miss A. Bancroft"",""Mr. H. Miller"",""Mr. Edwards"",""Mrs. Edwards"",""Mr. J. A. Penfield"",""Mrs. Penfield"",""Miss A. Penfield"",""Mrs. Stewart"",""Miss Wallace"",""Miss Wallace"",""Mr. G. C. Crocker"",""Mrs. T. W. Crocker"",""Master Crocker"",""Dr. Koch"",""Dr. Kartulis""]}"
1891-02-17,Prince Abbas,"{""passengers"":[""Mr. C. P. Nicholls"",""Mrs. C. P. Nicholls"",""Mr. S. Edwards"",""Mrs. S. Edwards"",""Maid"",""Mr. Gavaty"",""Mr. P. Legrand"",""Sir John Lennard"",""Lady Lennard"",""Rev. W. P. Robinson"",""Rev. A. K. Parker"",""Rev. W. C. P. Rhodes"",""Mr. G. S. Williams"",""Mr. Jackson"",""Mr. Jackson Jr."",""Frau Dr. Heidfeld"",""Baroness von Ravenstein"",""Mr. Degousee"",""Mrs. DegouSee"",""Mr. Ferguson"",""Mrs. Ferguson"",""Miss E. Fletcher"",""Miss Clarke"",""Mr. Ker"",""Mrs. Ker"",""Mr. Stathatos"",""Mrs. Stathatos"",""Mr. Block"",""Mr. Goldschmid"",""Mr. Colville"",""Count Crenneville"",""Mr. John Speck"",""Mr. A. C. Allan"",""Mrs. A. C. Allan"",""Mr. Jaroschinsky"",""Mrs. Wells"",""Miss M. Deming"",""Miss E. Deming"",""Miss E. Sperry"",""Miss E. Smith"",""Mr. H. Forrester"",""Rev. C. Hare"",""Mr. A. T. Wood"",""Capt. Philips"",""Mrs. Philips"",""Maid"",""Mr. W. L. Palmer"",""Mrs. W. L. Palmer"",""Mr. T. Purdy"",""Mr. Van Voigt"",""Mrs. Van Voigt"",""Dr. Korn"",""Hon. Miss Colborne"",""M. Bocca"",""M. Mazzoni""]}"
1891-02-21,Cleopatra,"{""passengers"":[""Mr. Peel"",""Mrs. Peel"",""Mr. C. Thornhill"",""Mr. T. H. Bush"",""Mrs. Bush"",""Miss F. H. Aspinal"",""Miss A. White"",""Mr. Germacott"",""Mr. Hoare"",""Mrs. Hoare"",""Mr. L. A. Hayes"",""Mr. H. Spicer"",""Mrs. Spicer"",""Mrs. Ferguson"",""Mrs. Zeile"",""Miss Zeile"",""Mr. Zeile jun."",""Sir Charles Cookson"",""Miss Cookson"",""Hugo Prince von Schonberg Waldenburg"",""Princess von Schonberg Waldenburg"",""Maid"",""Mr. von Herder"",""Miss von Herder"",""Miss von Herder"",""Miss Altersay""]}"
1891-02-28,Hatasoo,"{""passengers"":[""Mr. Frankenburg"",""Mr. Gruneck"",""Mr. Mader"",""Mr. Mereghi"",""Mr. Grant"",""Mr. Sain Arrigo"",""Mr. Schwabacher"",""Mrs. Schwabacber"",""Mr. H. Schwabacher"",""Mr. F. Dresser"",""Mr. Bolston"",""Mrs. Bolston"",""Mr. Tayleur"",""Comte Haugwitz"",""Comtess Haugwitz"",""Graf Platen"",""Herr von Nimptsch"",""Mr. Wells"",""Mrs. Wells"",""Mr. Riley"",""Mr. Marriott"",""Mr. Kruger"",""Mr. C. B. Sumner"",""Mrs. Sumner"",""Miss Sumner"",""Miss Wheden"",""Mr. Geo. Sumner""]}"
1891-03-10,Prince Abbas,"{""passengers"":[""Mr. P. Gilchrist"",""Mrs. Gilchrist"",""Master Gilchrist"",""Mrs. G. E. Scott"",""Mrs. S. C. Thompson"",""Mr. F. S. Thompson"",""Mr. R. Chamberlain"",""M P."",""Mrs. Chamberlain"",""Major Gen. Cunliffe"",""Mr. Francis. A. Culver"",""Mrs. Culver"",""Mr. H. O. Culver jun."",""Rev. Kettridge Wheeler"",""Mrs. A. J. Bulkley"",""Miss E. L. Jones"",""Mrs. Barnum"",""Mr. Jos√© de Arellano"",""Mr. R. de Uhagon"",""Rev. C. Obenshain"",""Mr. Slater"",""Mrs. Slater"",""Mr. Fairchild"",""Mrs. Fairchild"",""Mr. Davenport"",""Mrs. Davenport"",""Mr. B. E. Girling"",""Rev. W. H. Rayburn"",""Mrs. Rayburn"",""Major MartynFenwick"",""Mrs. Fenwick"",""Mr. Carstensen""]}"
1891-03-11,Prince Abbas,"{""passengers"":[""Mr. W. R. H. Valentine"",""Mr. J. B. Meredith"",""Miss E. M. Meredith"",""Mr. Ogden"",""Mr. Hamersley"",""Mr. Syme"",""Mrs. Syme"",""Mr. Mc Ewen"",""Mr. Black"",""Mrs. Black"",""Miss Black"",""Miss Black"",""Mr. Sands"",""Mr. J. S. Crook"",""Mr. Large"",""Mr. P. de Zubiri"",""Mr. J. de Urcola 19. Mrs. Le Sage""]}"
1891-11-17,Rameses The Great,"{""passengers"":[""Dr. N. J. Jerman"",""Mrs. N. J. Jerman"",""Sir Henry Holford"",""Lady Holford"",""Miss Bagshaw"",""Mrs. Heygate"",""Hon. Mrs. Freemantle"",""Mr. H. R. Merrill"",""Mrs. H. R. Merrill"",""Rev. F. S. Cookman"",""Mrs. Cookman"",""Mr. Mathews"",""Mr. Richardson"",""Mr. Letchworth"",""Mr. C. T. Heap"",""Mr. R. T. Heap"",""Mr. Johnson"",""Mrs. Johnson"",""Miss F. M. Hornby"",""Miss Hornby"",""Miss E. A. Hornby"",""Miss M. S. Donnell"",""Miss A. Donnell"",""Miss F. G. Donnell"",""Miss Henty"",""Miss Mathews"",""Mr. B. F. Brown"",""Mrs. Brown"",""Mrs. Madden"",""Rev. Cauldwell"",""Rev. Dr. Booth"",""Mr. J. Leather"",""Mrs. J. Leather"",""Miss Chaplin"",""Mr. Stern"",""Mr. F. H. Deverell"",""Mr. Fortsmann"",""Mr. J. H. Metcalfe"",""Mrs. J. H. Metcalfe"",""Mr. A. P. Marsh"",""Lieut. Wend"",""Mrs. Mc Cready"",""Mrs. W. W. Robbins"",""Maid"",""Courier"",""General Forestier-Walker"",""Mrs. Forestier-Walker"",""Miss Forestier-Walker"",""Capt. Guilding"",""Lieut. Manners"",""Lieut. Lee"",""Mr. H. T. Howse""]}"
1891-11-21,Cleopatra,"{""passengers"":[""Major Kinder"",""Mrs. Kinder"",""Mrs. Chester"",""Capt. W. B. Lafone"",""Capt. R. H. Kirkwood"",""Capt. A.. G. Spratt"",""Col. Gore-Booth"",""Mrs. Gore-Booth"",""Miss Gore-Booth"",""Miss Gore-Booth"",""Miss Parker"",""Miss Digby"",""Miss Skirrow"",""Mons. de St. Andre"",""Mons. de Courtois"",""Miss Digby"",""Mons. Faivre"",""Mr. Alfonso Bossi"",""Mr. Eugène Corda"",""Mr. Signori"",""Prof. Mayer Eymar"",""Mr. Mortimer Harris""]}"
1891-12-01,Rameses,"{""passengers"":[""Mr. W. Richardson"",""Mr. A. L. Payne"",""Mrs. Payne"",""Mr. J. W. Pearsons"",""Mr. Hope Edwards"",""Mrs. Hope Edwards"",""Maid"",""Mr. H. J. H√ºttner"",""Mr. G. Watt"",""Mr. A. Neilson"",""Mr. H. Henry"",""Mrs. Hubbard"",""Miss Hubbard"",""Miss Hubbard"",""Mr. Cronise"",""Mrs. Snow"",""Mr. Lopes"",""Lady Lopes"",""Marchese d'Adda"",""Marchesa d‚ÄôAdda"",""Maid"",""Mr. A. Mangles"",""Mr. Fountain Elwin"",""Mrs. Fountain Elwin"",""Sir Chas. Tennant"",""Lady Tennant"",""Maid"",""Miss Tennant"",""Maid"",""Courier"",""Mr. F. J. Allen"",""Mr. Pam"",""Mrs. Pam"",""Miss Pam"",""Miss Pam"",""Maid"",""Mons. Demarcay"",""Madame Demarcay""]}"
1891-12-19,Cleopatra,"{""passengers"":[""Rev C. Hook"",""Mrs. Hook"",""Miss Stephens"",""Sir H. Warre"",""Lady Warre"",""Maid"",""Rev. Reid"",""Mrs. Reid"",""Miss Lloyd"",""Mr. W. H. Patton"",""Doctor Mason"",""M. Boussac"",""Mr. Halbronn"",""Mr. Warner"",""Mr. Dervish""]}"
1891-12-30,Sethi,"{""passengers"":[""Mr. G. M. Waterhouse"",""Mrs. Waterhouse"",""Mr. E. Soutter"",""Miss Whidborne"",""Miss Whidborne"",""H.E.Gen.Chevky Pasha"",""Mr. Gabriel Dufour"",""Mrs. Gabriel Dufour"",""Mr. C. Gray"",""Mrs. C. Gray"",""Mr. M. Schwitzguebel"",""Miss. Ringer"",""Miss M. Ringer""]}"
1892-01-02,Hatasoo,"{""passengers"":[""Rev. G. H. W. L. Ross"",""Doctor Alison"",""Mrs. Alison"",""Mrs. Mc George"",""Miss Armstrong"",""Mr. Jackson"",""Mrs. Jackson"",""Mr. Hamiel"",""Mr. Liebrecht"",""Mr. Stoddard"",""Mrs. Stoddard"",""Mr. Herbst"",""Mr. Driesch"",""Mr. Mylius"",""Mr. Bouriant"",""P√®re Vincent Scheil"",""Mr. A. Sidney White"",""Doctor Rothe"",""Mr. A. J. Boyd"",""Mr. Hoth"",""Mr. Meyer"",""Mr. Lindesfils"",""Doctor J. Davies"",""Mr. A. Lehmann"",""Doctor Teissier"",""Mr. Eilhard Mitscherlich"",""Mr. F. A. Gray""]}"
1892-01-05,Mohammed Ali,"{""passengers"":[""Miss Lindsay"",""Miss Savile"",""Mr. H. Wakeman"",""Major Swinfin Broun"",""Mrs. Swindn Broun"",""Mr. Milne"",""Madame Wynne"",""Mr. Wynne"",""Maid"",""Judge Casey"",""Miss Langmore"",""Mrs. W. H. Stevens"",""Master Stevens"",""Miss M. Stevens"",""Mrs. M. Hyde"",""Mr. C. Unger"",""Mrs. C. Unger"",""Miss C. Unger"",""Miss J. Caesar"",""Prof. W. Joest"",""Mrs. W. Joest"",""Major L. Chase"",""Mrs. L. Chase"",""Miss Cullen"",""Mr. Bentley"",""Mrs. Bensley"",""Mr. Heydweiller"",""Mrs Heydweiller"",""Miss M. E. Green"",""Mrs. G. Hoffmann"",""Miss G. Hoffmann"",""Mr. J. E. Hoffmann"",""Mr. J. E. Guiball"",""Mrs. Beaumont"",""Miss Beaumont"",""Miss Hanson"",""Miss Farrer"",""Capt. E. D. Law R. N.""]}"
1892-01-12,Rameses The Great,"{""passengers"":[""Dr. Wollheim"",""Lady Pearson"",""Mr. C. M. Pearson"",""Mr. E. H. Hutchinson"",""Mrs. Hutchinson"",""Miss Hutchinson"",""Miss Hutchinson"",""Mrs. Carroll"",""Mr. Squires"",""Mrs. Squires"",""Mr. F. Pelton"",""Mrs. Pelton"",""Mr. King"",""Mrs. King"",""Mr. J. L. Coulson"",""Mrs. Coulson"",""Mr. Coulson. Junr"",""Mr. G. L. Harrison"",""Mrs. Harrison"",""Mrs. R. Toland"",""Mr. F. Romadge"",""Mrs. Grant"",""Miss Taylor"",""Mrs. Macfarren"",""Miss Macfarren"",""Mrs. Edgar"",""Miss E. M. Edgar"",""Miss M. Y. Brayton"",""Mr. Pelletier"",""Miss M. S. Burkam"",""Miss C. Burkam"",""Mr. F. F . Perrott"",""Mrs. Perrott"",""Mrs. T. Lowe"",""Count Dietz Monin"",""Countess Dietz Monin"",""Mademoiselle Dietz Monin"",""Mr. Purgold"",""Mrs. Purgold"",""Mr. Figdon"",""Mr. C. Keir Mackintosh"",""Mrs. Mackintosh"",""Mr. G. O. C. Lawrence"",""Mrs. Lawrence"",""Mrs. Cooke"",""Miss Margetson"",""Major Roberts"",""Mrs. Roberts"",""Maid"",""Mr. E. M. Thresher"",""Mrs. Thresher"",""Mr. A. A. Thresher"",""Mad. la Marquise de St.-Paul"",""Mad. la Marquise de Bron"",""M. de Gilon"",""Mrs. Platt"",""Mrs. Dickey"",""Mr. E. Clayton"",""Mrs. D. L. Moody"",""Miss E. R. Moody"",""Mr. W. R. Moody"",""Master Paul Moody"",""Mr. Pepper"",""Mrs. Pepper"",""Maid"",""Mr. D. B Safford"",""Mrs. Safford"",""Madame Magda Horn"",""Mad. la Baronne von Seckendorff"",""Herr Doctor Ritter von Fritsch"",""Mr. Frank Vincent"",""Mr. H. O. Houghton"",""Miss Houghton"",""Miss Houghton"",""Miss Houghton"",""Mr. W. M. Marshall""]}"
1892-01-16,Cleopatra,"{""passengers"":[""Mr. Harleston Deacon"",""Mr. J. H. Livingston"",""Mrs. Livingston"",""Miss K. L. Livingston"",""Miss Hutchinson"",""Mrs. J. Edwards"",""Miss Edwards"",""Miss Brady"",""Miss Fane"",""Mrs. A. Hurlburt"",""Mr. Leadham"",""Lady Macgregor"",""Miss Blythe"",""Mrs. Vaughan Lee"",""Courier"",""Miss Vaughan Lee"",""Miss Vaughan Lee"",""Mrs. Twemlow"",""Maid"",""Miss Creyke"",""Miss Harvey"",""Mons. Regnault"",""Madame Regnault"",""Mr. Hamilton"",""Mr. Ross"",""Miss Mitchell"",""Miss Byron"",""Major Wissmann"",""Dr. Bumuller"",""Herr von Schuckmann"",""Mr. Delany"",""Mrs. Delany""]}"
1892-01-19,Rameses,"{""passengers"":[""Mr. Steel"",""Mrs. Steel"",""Dr. Knears"",""Mr. J. B. R. Monk"",""Mr. F. B. Sinton"",""Mr. Byrne"",""Mrs. Byrne"",""Mr. J. Clegg"",""Mrs. Clegg"",""Miss Clegg"",""Miss Clegg"",""Mr. J. C. Brown"",""Mrs. Brown"",""Mrs. Myers"",""Miss Banner"",""Mr. T. Bastert"",""Mr. S. Cutler"",""Miss Cutler"",""Mr. J. L. Reese"",""Mr. W. H. Reese"",""Miss M. Reese"",""Miss L. Reese"",""Mr. G. W. Watjen"",""Mrs. Watjen"",""Mr. A. P. Heinze"",""Mrs. Heinze"",""Miss Herzner"",""Mr. J. P. Lord"",""Mr. A. H. Lord"",""Marquis di Porcinari"",""Duca di Eboli Doria"",""Marchese E. Doria"",""Mr. Ladenburg"",""Mrs. Ladenburg"",""Mr. Ladenburg Junior"",""Maid"",""Mr. Stucken"",""Mr. J. F. Bass"",""Mr. Bass"",""Mr. Traill"",""Mrs. Traill"",""Mr. Holliday"",""Mr. H. R. Cross"",""Mr. Lieutaud"",""Mrs. Lieutaud"",""Mrs. R. M. Davis"",""Miss J. Davis"",""Major General Goodfellow R.N."",""Mrs. Goodfellow"",""Mr. Hadfield"",""Mrs. Hadfield"",""Madame Millioz"",""Mons. Matton"",""Herr Prof. Dr. F. Albert"",""Madame Albert"",""Mr. J. Hartree"",""Mr. W. H. Watson"",""Mrs. Watson"",""Miss Williams"",""Mademoiselle. Schemionek"",""Mr. Mortimer Harris"",""Mr. Snowden""]}"
1892-01-26,Mohammed Ali,"{""passengers"":[""Mr. D. H. James"",""Mrs. D. H. James"",""Rev. Dr. Cross"",""Mr. J. L. Edwards"",""Mr. Colgate"",""Mrs. Colgate"",""Miss. Smith"",""Child"",""Governess"",""Miss. H. M. Crosfield"",""Miss. C. J. Lloyd"",""Mr. C. R. May"",""Miss. E. Lloyd"",""Mr. Watson"",""Mr. H. Jaff√©"",""Capt. Harcourt Rose"",""Mrs. Harcourt Rose"",""Maid"",""Mrs. Martoff"",""Dr. Sellerbeck"",""Mr. E. Ward"",""Mrs. E. Ward"",""Miss. Ward"",""Mr. J. G. Thorburn"",""Miss. Waterhouse"",""Miss. Manton"",""Mr. W. Pearce"",""Artine Effendy"",""Mr. Schanz"",""Princess Ratibor"",""Maid"",""Donna Mta di Sartirana"",""Maid"",""Duca di Sartirana"",""Miss. M. Blind"",""Mr. Joseph"",""Mrs. Joseph""]}"
1892-01-30,Hatasoo,"{""passengers"":[""Mr. Gortz"",""Mrs. Gortz"",""Mrs. Hornby"",""Miss James"",""Mr. Garstin"",""Mr. Gregson"",""Miss Gregson"",""Rev. Hugh B. Chapman"",""Manservant"",""Mr. E. D. Mc Carthy"",""Mrs. Mc Carthy"",""Mr. L. Lindau"",""Mrs. Lindau"",""Mr. Platt"",""Miss Platt"",""Major Martin"",""Mrs. Martin"",""Mr. Aitken"",""Mrs Aitken"",""Mr. Tatham"",""Mr. B. Frova"",""Count G. Gnlli"",""Countess Galli"",""Maid"",""Mrs. Colton Murray"",""Miss F. Dillingham"",""Mr. H. Norris"",""Miss Cameron"",""Miss Dowell"",""Miss J. E. Dowell"",""Mr. C. A. Cooper"",""Mr. F. H. Freese"",""Mrs. Freese"",""Mr. von Hartlieb"",""Mrs. Delmege"",""Mr. J. Varesi"",""Mr. Parmenides"",""Mrs. Parmenides""]}"
1892-02-02,Rameses The Great,"{""passengers"":[""Mr. Boardman"",""Mrs. Boardman"",""Miss F. Boardman"",""Miss M. Boardman"",""Mr. W. W. Phelps"",""Manservant"",""Mr. Pilkington"",""Mr. Pilkington jun."",""Miss Pilkington"",""Miss Pilkington"",""Miss Pilkington"",""Maid"",""Mr. P. H. Raws"",""Mrs. Rawson"",""Surgeon Major Foster"",""Mrs. Foster"",""Mr. Bohlen"",""Mr. A. Biddle"",""Mr. Brooke"",""Mrs. Brooke"",""Miss Brooke"",""Mr. Baker"",""Mrs"",""Baker"",""Mr. Boddie"",""Mrs. Boddie"",""Mr. C. A. Rose"",""Mrs. Rose"",""Mr. Rose jun."",""Mr. Welchman"",""Mrs. Welchman"",""Mr. J. R. Carter"",""Mrs. Carter"",""Mrs. Morgan"",""Miss Stoughton"",""Mr. J. Pollard"",""Miss E. Pollard"",""Miss C. Pollard"",""Mr. Whitehouse"",""Mrs. Whitehouse"",""Miss Whitehouse"",""Mrs. Eldridge"",""Mr. W. J. P. Mason"",""Mrs. Mason"",""Miss Sykes"",""Count F. Szopary"",""Count Sch√∂nborn"",""Miss C. Furniss"",""Mr. Schneider"",""Mrs. Schneider"",""Mr. R. W. Mc Kinlay"",""Mrs. Mc Kinlay"",""Miss H. M. Hargreaves"",""Mr. R. Hargons"",""Miss Sherwood"",""Miss Crotty"",""Mr. Gatehouse"",""Miss Gatehouse"",""Miss M. Davidson"",""Miss J. Davidson"",""Mr. J. H. Good"",""Mrs. Good"",""Master C. B. Good"",""Mr. Chas. Kaufmann"",""Mr. G. Baldwin"",""Mr. F. W. Hurd"",""Mr. H. Mulliken"",""Miss A. B. Hamlyn"",""Miss E. W. Hamlyn"",""Madame Morrand"",""Mr. Vavelberg"",""Mrs. Vavelberg"",""Miss Whetstone"",""Capt. Ford""]}"
1892-02-06,Amenartas,"{""passengers"":[""Mr. Holman Hunt"",""Mrs. Holman Hunt"",""Mr. Greg"",""Miss Greg"",""Miss Edmondson"",""Mr. P. Roscoe"",""Mr. Pepys"",""Mrs. Pepys"",""Miss Pepys"",""Mrs. W Gore"",""Miss W. Gore"",""Mr. Acland"",""Mrs. Acland"",""Miss Dunn"",""Miss Wemyss"",""Mr. Pennington"",""Mrs. Pennington"",""Mr. Evans"",""Mrs. Evans"",""Mr. Berry"",""Valet"",""Sir R. Abercrombie"",""Lady Abercrombie"",""Miss Southern"",""Miss Southern"",""Mr. Southern"",""Mr. H P. Swaine"",""Mr. Siebelist"",""Mr. Schneider"",""Mr. Wooder"",""Miss Cooke"",""Mr. Trouv√©"",""Mr. Grumel"",""Mr. Besville""]}"
1891-01-31,Hatasoo,"{""passengers"":[""Mr. A. H. Wausey"",""Mr. H. R Wausey"",""Mr. Bollans"",""General Mc Mahon"",""Mrs. Mc Mahon"",""Insp. Gen E. A. Hoyer"",""Mr. Schloss"",""Mrs. Schloss"",""Mr. R. Crompton"",""Mr. Cropper"",""Miss Cropper"",""Miss Musters"",""Miss A. Booth"",""Miss Brocklehurst"",""Miss Booth"",""Sir John Mc Neill"",""Admiral Fitzroy"",""Miss Meli"",""Mr. Cox"",""Mrs. Cox"",""Mr. Foucard"",""Mr. Foucard Jr."",""Mr. Buchanan"",""Mr. Buchanan"",""Mr. H. Wharton"",""Mrs. H. Wharton"",""Lt Col. Gore-Booth"",""Sig. Luigi de Mezzi"",""Dr. Angelo Marietti"",""Mr. Tebb"",""Mrs. Tebb"",""Miss Johnston"",""Miss E Johnston"",""Miss Jones"",""Lt Col Robinson""]}"
1892-02-20,Nefertari,"{""passengers"":[""Mr. Burton"",""Mrs. Burton"",""Dr. Berry"",""Mr. J. H. Engall"",""M. Roze de Villereau"",""Mr. Kirkwood"",""Mr. Stephen"",""Lord Clinton"",""Lady Clinton"",""Hon. Miss Trefusis"",""Hon. Miss Trefusis"",""Hon. Miss Trefusis"",""Mr. T. Karam"",""Mr. A. Karam"",""Mr. K. Sursock"",""Miss R. Karam"",""Miss L. Karam"",""Mr. W. B. Harvey"",""Lord Heytesbury"",""Lady Heytesbury"",""Maid"",""Mr. J. Madden"",""Mr. R. Mountney Jephson"",""Mrs. Mountney Jephson""]}"
1892-03-01,Rameses,"{""passengers"":[""Mr. R. W"",""Forbes"",""Mrs. Forbes"",""Miss H. E. Forbes"",""Mr. W. S. Potter"",""Mrs. Potter"",""Mr. J. B. James"",""Mr. Walter Ebbs"",""Miss Clough"",""Miss Corbutt"",""Mrs. Harris"",""Miss Harris"",""Mrs. James"",""Madame von de Kasteele"",""Mrs. Yates"",""Miss Yates"",""Mr. Doane"",""Mr. Grosvenor Atterbury"",""Mrs. Atterbury"",""Mr. Carstairs"",""Mrs. Carstairs"",""Miss L. H. Carstairs"",""Miss E. F. Carstairs"",""Miss M. Carstairs"",""Miss L. Carstairs"",""Master J. Carstairs"",""Mr. J. Sweeney"",""Mrs. Sweeney"",""Miss Sweeney"",""Mr. B. Brewster"",""Mrs. Brewster"",""Miss Brewster"",""Mr. G. S. Brewster"",""Maid""]}"
1892-03-05,Amenartas,"{""passengers"":[""Mr. J. C. Brown"",""Miss Brown"",""Mr. Marshall"",""Mons. Lelarge"",""Mr. Martin"",""Mr. Keeson"",""Mr. Richter"",""Mr. Ebeling"",""Miss Eisenthal"",""Count Reischach"",""Mr. Grosse"",""Mr. Redsloe"",""Mr. Hans"",""Mr. Trapp"",""Mr. Gunther"",""Mrs. Schaeling"",""Miss Ebeling"",""Mr. Gerlach"",""Mr. Schlesinger"",""Mrs. Schlesinger"",""Mr. Caswell"",""Mr. Yardley""]}"
1892-03-08,Mohammed Ali,"{""passengers"":[""Mr. Paterson"",""Mr. J. R. Tolar"",""Mr. Lord"",""Mrs. Lord"",""Judge Durham"",""Mr. C. A. Rich"",""Mrs. Rich"",""Mr. J. C. Dicken"",""Mr. Lawrence"",""Mr. R. Lawrence"",""Mr. Shaw"",""Mrs. Shaw"",""Master Shaw"",""Mr. Winans"",""Mrs. Winans"",""Mr. Ashton"",""Mr. Nelson"",""Mr. L√∂wenthal"",""Mr. Marsh"",""Miss Marsh"",""Hon. Mr. Dean"",""Mrs. Dean"",""Prof. Schwalbe"",""Prof. K√ºhne"",""Mr. D. J. Tata"",""Mr. J. H. Widdifield"",""Mr. V. Ball"",""Baron G. K√∂nigswarter"",""Valet"",""Mr. Mazourine"",""Mr. Billaudeau"",""Mr. Lamarche""]}"
1892-03-12,Cleopatra,"{""passengers"":[""Mr. Claypole"",""Mrs. Claypole"",""Dr. Withrow"",""Judge Carman"",""Mrs. Carman"",""Rev. Read"",""Rev. Rorke"",""Major Healy"",""Miss E. Laishley"",""Mr. Colin M. Smith"",""Col. Ffarington"",""Mrs. Ffarington"",""Herr Wrede"",""Valet"",""Geheimrath Quinke"",""Madame Quinke""]}"
1892-03-12,Prince Abbas,"{""passengers"":[""Mr. Dunlop"",""Said Bey Bayoomi"",""Dr. Hamid Effendi Sidki"",""Mohammed Effendi Nafieh"",""Ali Effendi Bahgat"",""Ahmed Effendi Kamal"",""Ahmed Effendi Nagheeb"",""Ahmed Effendi Hamdy"",""Sheik Salama"",""Sheik Ahmed El-Azhary"",""Sheik Mohammed El-Mahdy"",""Sheik Mustapha El-Domiaty"",""Sheik Mohammed El-Ibiary"",""Sheik Said Salih"",""Sheik Mohammed Atif"",""Sheik Abd-el-Megheed El-Abbasy"",""Sheik Attieh El-Ashar"",""Sheik Obeid El-Shazly"",""Sheik Abd-Azeez Khalil"",""Sheik Mustapha Kamil"",""Sheik Abd-El-Rahman Ibrahim"",""Mr. E. A. Van Dyck"",""Ismail Effendi Rafaat"",""Mohammed Ali El-Maghraby"",""Mohammed Rooshdy"",""Abd-El-Hamid El-Shirbeeny"",""Abd El-Wahab Hassan"",""Abdallah Ali Lootfy"",""Ahmed Kamil"",""Ali El-Kilany"",""Mohammed Rabeeya"",""Mohammed Riaz"",""Moham. Thewfik El-Toorgoman"",""Ali Samy"",""Abd El-Maksood Fahmy"",""Aboo Zaid Fayed"",""Mr. Baccus"",""Mahammed Eff. Abd El-Lateef"",""Mohammed Ali Delavor"",""Hafiz Hassan"",""Mohammed Darweesh"",""Guirguis Armanius"",""Mohammed Ahmed"",""Kamil Goobran"",""Moossa Ibrahim"",""Zaky Hatem"",""Sabitai Salih"",""Philipos Kilada"",""Hussein Fahmy"",""Said El-Hassanieh""]}"
1892-11-29,Rameses,"{""passengers"":[""Mr. A. Wheeler"",""Dr. Willemin"",""Mrs Willemin"",""Mr. de Braam"",""Mrs. de Braam"",""Maid"",""Mr. Viengu√©"",""Mr. Bertel D. Adler"",""Mr. Oelbermann"",""Mrs. Oelbermann"",""Capt. Serge de Douranoff"",""Capt. Nicolas de Contadino""]}"
1892-12-10,Cleopatra,"{""passengers"":[""Mr. Allman"",""Mrs. Allman"",""Mr. H. Worthington"",""Mrs. Worthington"",""Mr. Oswald Messer"",""Mr. C. P. Serocold"",""Mr. Eric C. Smith"",""Man servant"",""Mr. Hans Faber"",""Mr. C. Colman"",""Mr. A. J. Labouchere"",""Mr. R. S. Whiting"",""Mrs. W. Whiting"",""Miss Clarke"",""Sir G. Macpherson Grant"",""Lady Macpherson Grant"",""Miss Macpherson Grant"",""Mr. A. Macpherson Grant"",""Mr. E. A. Stein"",""Man servant"",""Maid"",""Mr. W. Frisbie Lewis"",""Mrs. Frisbie Lewis"",""Mr. J. M. Lewis""]}"
1890-12-30,Rameses The Great,"{""passengers"":[""Mrs. G. S. Carmichael"",""Miss D. Phillips"",""Col. Hon H. Legge"",""Mr. A. Langton"",""Mrs. Langton"",""Miss A. W. Langton"",""Miss E. M. Blogg"",""Miss E. Hugget"",""Mr. J. M. Goodall"",""Mrs. J. M. Goodall"",""Mr. E. M. Bollans"",""Col. Gosset"",""Mr. J. Leigh Taylor"",""Mr. T. Bertrand Taylor"",""Mr. J. B. Beckford"",""Miss Beckford"",""Miss A. Shaw"",""Mrs. W. H. Clark"",""Miss Kate Vick"",""Miss M. Mc Kee"",""Mrs. B. B. Willis"",""Miss M. Moody"",""Miss M. Mc Gill"",""Miss W. M. Thompson"",""Miss E. Reynolds"",""Sir J. Corry"",""Miss Corry"",""Miss Clark"",""Courier"",""Mr. A. Gilliat"",""Mr. E. Gilliat"",""Mr. W. Gilliat"",""Lady Pollock"",""Miss Pollock"",""Miss Pollock"",""Mr. Pollock"",""Nurse"",""Mr. R. Stuart Chase"",""Mrs. Stuart Chase"",""Miss Redfield"",""Mr. Colville"",""Mr. Paton"",""Miss Paton"",""Mr. C. Wilson"",""Mr. G. W. Poste"",""Major Small"",""Mr. J. W. Myers"",""Mrs. Myers"",""Mr. Peck"",""Mrs. Peck"",""Miss A. Bacchus"",""Mr. J. Leverson"",""Mr. St. Leger Fagan"",""Mr. M. Harris"",""Sir A. White"",""Mr. C. Stewart"",""Mr. G. Pottier"",""Count Orowski"",""Mr. Armstlong"",""Mr. F. Shaw"",""Mr. Graves"",""Mr. Rolffs"",""Mrs. Rolffs"",""Mr. Barrett"",""Mr. N. L. Zabrickie"",""Mrs. Zabrickie"",""Mr. Zabrickie"",""Mr. Zabrickie"",""Maid""]}"
1891-01-27,Ramese The Great,"{""passengers"":[""Mr. Reeves"",""Mr. Mason"",""Mr. J. H. Hartman"",""Mrs. J. H. Hartman"",""Mr. J. E. Laidley"",""Mrs. J. E. Laidley"",""Mr. J. W. Clegg"",""Mrs. J. W. Clegg"",""Mr. Walter Showell"",""Mrs. Walter Showell"",""Miss Kate Showell"",""Mr. J. B. Showell"",""Mr. W. Showell Jr."",""Mr. J. Elliman"",""Mrs. Elliman"",""Col. Warner"",""Mr. Hutchinson"",""Mr. Cook"",""Mr. Watson"",""Mrs. Judson"",""Mrs. Cook"",""Miss Boncherett"",""Miss Blissard"",""Rev. J. Blissard"",""Miss Duckworth"",""Miss W. Duckworth"",""Maid"",""Courier"",""Mr. E. G. Raphael"",""Lt Col. W. Jackson"",""Mr. H. Lewis"",""Mrs. Lewis"",""Maid"",""Mr. Dodge"",""Mrs. Dodge"",""Miss Cox"",""Mr. R. Degener"",""Mr. A. Hanswaldt"",""Miss M. Blanchard"",""Miss H. Blanchard"",""Mr. L. Samuel"",""Mrs. L. Samuel"",""Mr. H. Heldman"",""Mr. Hoffnung"",""Mrs. Hoffnung"",""Miss Hoffnung"",""Maid"",""Mrs. A. F. Cochran"",""Miss A. C. Cochran"",""Miss F. A. Cochran"",""Mr. J. Dick"",""Mrs. J. Dick"",""Mr. J. Simpson"",""Mrs. J. Simpson"",""Miss Mc Donald"",""Mrs. Reed"",""Miss Reed"",""Mr. Brown"",""Mrs. Brown"",""Miss Wilson"",""Miss Ives"",""Mr. B. P. Davis"",""Marquis de Loys Chandier"",""Marquise de Loys Chandier"",""Mr. W. M. Staniford"",""Mr. A. Thackeray"",""Rev. J. Findlay"",""Mr. Agens"",""Mr. Agens"",""Mr. E. F. Elkan"",""Mrs. E. F. Elkan"",""Dr. Otto Elkan"",""Herr Bela von Deutsoh"",""Dr. Jul. Lederer"",""Herr Ladislaus Lederer"",""Dr. W. W. H. King""]}"
1891-02-03,Tewfik,"{""passengers"":[""Rev. J. L. Rogers"",""Mrs. J. L. Rogers"",""General Fessenden"",""Mr. C. G. Hower"",""Mrs. C. G. Hower"",""Mr. Jas Wood"",""Mrs. Jas Wood"",""Miss E. M. Wood"",""Miss L. M. Wood"",""Master L. H. Wood"",""Mrs. Pirie"",""Mr. Pirie"",""Miss Gray"",""Miss Hunter"",""Mr. C. Wigg"",""Mrs. C. Wigg"",""Miss Wigg"",""Miss Wigg"",""Mr. Mc Lean"",""Mrs. Mc Lean"",""Mr. C. G. Washburn"",""Mrs. C. G. Washburn"",""Mr. Weissm√ºller"",""Mr. A. Y. Gray"",""Mrs. A. Y. Gray"",""Miss Fox"",""Capt. Roberts"",""Mrs. Roberts"",""Mr. L. Fox"",""Mrs. L. Fox"",""Rev. C. Hankey"",""Miss B. Hankey"",""Miss E. Hankey"",""Mr. von Prittwitz Gaffron"",""Mrs. von Prillwitz Gaffron"",""Capt. Knox"",""Miss Dooley"",""Mr. Wilson"",""Mrs. Wilson"",""Miss E. E. Dana"",""Miss M. Dana"",""Rev. E. Lewis"",""Mr. G. Hay"",""Mr. E. Speyer"",""Miss L. Speyer"",""Maid"",""Yalet"",""Mr. Jeanson"",""Mrs. Jeanson"",""Mr. C. P. Bacon"",""Mrs. C. P. Bacon"",""Miss Carnegie"",""Miss Ramsey"",""Maid""]}"
1890-01-07,Prince Abbas,"{""passengers"":[""Miss Drew"",""Captain Morris"",""Mr. J. Morris"",""Mrs. Bedel"",""Miss Richardson"",""Miss Johnson"",""Mr. Joseph Craven M.P."",""Mr.Alfred Illingworth M.P."",""Mr. Briggs Priestley M.P."",""Doctor Armitage"",""Mrs. Armitage"",""Mr. Armitage"",""Miss Armitage"",""Mr. H. G. M. Conybeare"",""Mrs. Conybeare"",""Mr. C. A. V. Conybeare M.P."",""Mr. Schreiner"",""Mr. Newberry"",""Mrs. Steward"",""Mr. J. Spencer Balfour M.P."",""Mr. James Balfour"",""Miss Freeman"",""Miss Bishop"",""Mr. C. W. Rogg"",""Mrs. Julia Fletcher"",""Miss Ellen Pratt"",""Mrs. C. Ferris"",""Mr. Morris"",""Mrs. J. R. Greaves"",""Mr. Sisson"",""Mrs. Sisson"",""Miss Sisson"",""Miss Crane"",""Mr. J. Carlson"",""Mrs. Carlson""]}"
1890-01-28,Tewfik,"{""passengers"":[""Mr. Charles Gairdner"",""Mrs. Gairdner"",""Mr. Gairdner"",""Miss Gairdner"",""Miss Edith Hunter"",""Miss Ruth Hunter"",""Mr. R. Boyle"",""Mrs Boyle"",""Mr. Faber"",""Mr. Faber"",""Mr. Vonwiller"",""Mr. I. Fryer"",""Mr. W. Harvey"",""Mr. H. Gourlay"",""Miss M. B. Gourlay"",""Miss A. T. Gourlay"",""Miss A. H. Gourlay"",""Miss I. A. Gourlay"",""Mrs. Crane"",""Miss Crane"",""Mr. E. B. Woodhead"",""Mrs. Mackinlay"",""Mrs. A. B. Barnes"",""Mr. Mackinlay"",""Mr. H. R. Wilson"",""Mrs. Wilson"",""Miss Wilson"",""Mr. Stewart"",""Mrs. C. P. Redmond"",""Miss Tuft"",""Mrs. M Neale"",""Miss M Neale"",""Miss Ball"",""Mr. I. Orlowski"",""Mr. I. Matzner"",""Dr. I. L. Heinemann""]}"
1890-03-04,Rameses The Great,"{""passengers"":[""Miss J. B. Havemeyer"",""Miss G. M. B. Roberts"",""Mr. Matheson"",""Mrs. Matheson"",""Mias Robson"",""Mrs. Martin Atken"",""Miss Martin Atken"",""Mr. Harwood"",""Mrs. Harwood"",""Mr. Ernest Hofmeier"",""Mr Pirie"",""Mrs. Pirie"",""Capt. Wood"",""Dr. Burgess"",""Mrs. Burgess"",""Mr. Spalding"",""Mr. J. D. Clough"",""Mr. John Clough"",""Mr. George Watkinson"",""Mr. Ramsdon"",""Gen. Sir E. Selby Smyth"",""Mr. Rosenthal"",""Mrs. Rosenthal"",""Mr. A. Cass Canfield"",""Mrs. Cass Canfield"",""Mr. J. W. Beckwith"",""Mr. Rogier"",""Count Crenneville"",""Mrs. Mc Lean"",""Master Mc Lean"",""Mr G. S. Norton"",""Miss Stevens"",""Mr. Wallenstein"",""Mr. John M. Cook"",""Mrs. Cook"",""Miss Cook"",""Miss F. B. E. Cook"",""Mr. Cayzer"",""Mrs. Cayzer"",""Miss Cayzer"",""Miss Graham"",""Mr. Holst"",""Mrs. Holst"",""Mr. W. E. Kingsford"",""Mr. Prudden"",""Mrs. Prudden"",""Mr. F. K. Lynch"",""Mr. Bradbury"",""Mrs. Bradbury"",""General Francis"",""Mr. John Gould"",""Mr. A. H. Rowe"",""Mr. Hill"",""Mr. Bedell Grant""]}"
1900-02-13,Rameses The Great,"{""passengers"":[""Mr. R. N. Stevens"",""Mrs. Stevens"",""Mrs. C. A. Guillaume"",""Maid"",""Miss Theresa Grundgens"",""Mr. Nils Thanlow"",""Miss A. Thanlow"",""Miss J. Thanlow"",""Miss C. Thanlow"",""Miss J. Dedicher"",""Admiral Garr"",""Mr. V. K. Armitage"",""Mrs. Armitage"",""Miss Cross"",""Dr. Alfred Hodgson"",""Mons. Jules Roquet"",""Madame M. Duval"",""Rev. S. E. Dawson"",""Mrs. Dawson"",""Mr. G. Topham"",""Mrs. Topham"",""Mr. Paul Schuffelhauer"",""Mrs. Schuffelhauer"",""Mr. Tracey Dows"",""Valet"",""Mr. Wheeler"",""Valet"",""Mr. Richard Thorn"",""Mr. Lawrence Dunham"",""Mrs. Dunham"",""Miss A. Pitfield"",""Mr. Whitehead"",""Mr. James Herriot"",""Mr. R. Goodall"",""Mr. Chas Gaunt"",""Valet"",""Mr. F. C. Caffin"",""Mrs. J. Firth"",""Mr. W. Birkmyre"",""Miss Thompson"",""Miss Cross"",""Miss Bush"",""Mr. J. Scantlebury"",""Miss R. Scantlebury"",""Mrs. Boyd"",""Miss Boase"",""Miss E. Mc. Lellan"",""Miss M. Mckenzie"",""Mr. J. S. Sydenham"",""Mrs. Colls"",""Miss Colls"",""Miss A. M. Colls"",""Mr. I. G. Meissner"",""Mr. E. J. King Junr"",""Mrs. King"",""Maid"",""Mons. Adolf Marburg"",""Madame Marburg"",""Mr. Gnastalla"",""Mrs. Gnastalla"",""Miss Gnastalla"",""Master Gnastalla""]}"
1911-11-07,Egypt,"{""passengers"":[""Miss F. J. Mitchell"",""Miss A. S. Bond"",""Miss F. K. G. Skinner"",""Count Faust de Fontana"",""Countess De Fontana"",""Miss De Fontana"",""Mr G. B. Testa"",""Mr. M. Coppo"",""Dr. H. Hallopeau"",""Mr. A. Hallopeau"",""Mr. Luhrs Junr."",""Mrs. Luhrs"",""Mr. H. Manfield M. P."",""Mrs. H. Manfield"",""Maid"",""Mr. H. Feeny"",""Mrs. H. Feeny"",""Mr. C. L. Smith"",""Mrs. Smith"",""Judge Van Horne"",""Mrs. Van Horne"",""Mr. S. J. Sill"",""Mrs. S. J. Sill""]}"
1891-02-24,Rameses,"{""passengers"":[""Mr. Pritchett"",""Mrs. Pritchett"",""Mr. Macintosh"",""Mrs. Macintosh"",""Miss Sparrow"",""Miss Sparrow‚Äôs Maid"",""Mr. A. Sparrow"",""Mr. Westmacott"",""Mrs. Westmacott"",""Maid"",""Miss Fowke"",""Mr. Jas. Weston"",""Mr. Garrard"",""Mrs. Garrard"",""Mr. E. G. Mason"",""Mr. R. B. Mason"",""Mr. B. G. Miller"",""Miss Grawhall"",""Miss Grawhall"",""Mrs. Ross"",""Miss Ross"",""Mr. Boutron"",""Mrs. Boutron"",""Mr. Boutron jr."",""Mr. Dumont"",""Canon Payne"",""Miss Payne"",""Mr. E. J. Force"",""Mr. C. O. West"",""M. le Compte de Mons"",""Miss E. Pratt"",""Count van den Steen"",""Count F. van den Steen"",""Mr. W. R. Cookson"",""Mr. Hungerford"",""Mrs. Hungerford"",""Mrs. Rosa"",""Count Toerring"",""Mr. W. Ellis"",""Mr. Boulanger"",""Mr. Muller"",""Mr. Koloszyn"",""Manservant"",""Mr. Jandenes"",""Mr. Jandenes"",""Mr. F. W. Paddock"",""Mrs. F. W"",""Paddock"",""Miss Hill"",""Capt. Cashman"",""Mrs. H. S. Dean"",""Miss Dean"",""Gen. John Blakeley"",""Mr. W. H. Lyon Mrs. Lyon"",""Mr. Lyon jun."",""Miss Lyon"",""Mr. C. F. N. Deakin"",""Mrs. Deakin"",""Mr. J. M. Cheetham."",""Mrs. Cheetham"",""Mr. Allingham"",""Mrs. Allingham"",""Capt. Roberts"",""Mr. Roberts jun."",""Viscomte de Beaumont"",""Manservant"",""Mrs. G. H. Taylor"",""Mrs. Houghtaling"",""Miss Hickok"",""Miss Houghtaling"",""Mr. D. H. Houghtaling"",""Mr. A"",""J. Taylor"",""Mr. J. H. Taylor"",""Mr. Hood"",""Mrs. Hood"",""Mr Moorhead"",""Mr. H. Ray Miller"",""Mr. W. M. Bohlen""]}"
1891-03-03,Rameses,"{""passengers"":[""Col. W. HughesHallett"",""Mr. F. A. Muzzy"",""Mons. von Biel"",""Madame von Biel"",""Mr. R. G. Brand"",""Miss L. E. Brand"",""Miss M. A. Brand"",""Maid"",""Mr. A. Nicholson"",""Mrs. Nicholson"",""Mr. Backhouse"",""Mr. Villiers"",""Miss Schott"",""Mr. King"",""Mr. King"",""Col. Fitz-George"",""Mr. Borstell"",""Mrs. Borstell"",""Mrs. A. Borchard"",""Mr. Albers"",""Mr. Steinschneider"",""Mr. Jaffé"",""Mrs. Jaffé"",""Mr. Turner"",""Mrs. Turner"",""Mr. Bliss"",""Mrs . Bliss"",""Mr. E. Lamb""]}"
1891-12-29,Rameses,"{""passengers"":[""Mr. G. E. Raum"",""Mrs. Raum"",""Dr. F. P. Wilson"",""Mr. L. Jiggi"",""Mr. L. H. Elwell"",""Mr. Cesiana"",""Mrs. Cesiana"",""Mr. T. A. Crook"",""Mrs. Crook"",""Mr. H. Gay"",""Mr. Marc"",""Mr. T. R. Plummer"",""Miss Homer"",""Miss Eldridge"",""Mr. D. M. Milton"",""Mrs. E. M. Milton"",""Mr. L. Harrison Dulles"",""Mrs. L. Harrison Dullesm"",""Rev. Dr. Mc Grath"",""Mrs. Mc Grath"",""Baroness Kottwitz"",""Madame Kennert"",""Miss Bond"",""Mr. D. Longsdon"",""Mr. W. F. Walker"",""Mr. Jago Smith"",""Mr. le Baron de Villiers du Terrage"",""M. de Staplaude"",""Baron P. d‚ÄôHauteserve"",""M. de Malestroit"",""Mr. A. Hood"",""Mr. Soderer"",""Mr. Gough"",""Mr. Bee"",""Mrs. Bee"",""Mrs. Hooper"",""Courier"",""M. A. Philippon"",""Madame Philippon"",""Mr. Fraser Rae"",""Mrs. Fraser Rae"",""Madame Villebois"",""Mademoiselle Villebois"",""Mr. Adolf Fidelmann"",""Mrs. Adolf Fidelmann"",""Miss Symonds"",""Miss Pope"",""Major Kemble"",""Mr. Mortimer Harris"",""Mr. J. Davidson"",""Mrs. Davidson"",""Mr. Colgate"",""Mrs. Colgate"",""Mr. J. E. Bott"",""Mademoiselle A. De Syran"",""Madlle. Vera de Koukoushkine"",""Mr. R. W. Beaumont R. N."",""Mrs. Beaumont"",""Mrs. Ritchie"",""Miss Ritchie"",""Mr. W. Simpson"",""Mrs. Simpson"",""Mr. Simpson Junior"",""Mr. Stokes"",""Mr. J. H. Crook""]}"
1892-01-09,Amenartas,"{""passengers"":[""Mr. Simon"",""Madame Simon"",""Miss Marten"",""Miss Rucker"",""Miss E. Marten"",""Miss R. E. Powell"",""Dr. Anderson"",""Mrs. Anderson"",""Maid"",""Mrs. Appletree"",""Miss Appletree"",""Doctor Taylor"",""Mr. Murrell"",""Rev. G.H.W.L.Ross"",""Herr P. J. von Manteuffel"",""Mr. Lockman"",""Miss Lockman"",""Miss Clarke"",""Miss R. Clarke"",""Miss H. Clarke"",""Mrs. Chas. Hewett"",""Mr. Douglas Hewett"",""Mons. A. Farinelli""]}"
1892-01-14,Tewfik,"{""passengers"":[""Mrs Sullivan"",""Miss Sullivan"",""Mr. Reid"",""Mrs. Reid"",""Miss M. Reid"",""Miss C. Reid"",""Miss N. Reid"",""Rev. S. Chapman"",""Mrs. Chapman"",""Mr. L. Cans"",""Mrs. Gans"",""Mr. Harris"",""Mrs. D. Callaghan"",""Miss M. H. Callaghan"",""Miss M. B. Callaghan"",""Miss G. Callaghan"",""Miss I. S. Callaghan"",""Mr. Bryson"",""Mrs. Bryson"",""Mr. James"",""Mrs. James"",""Miss James"",""Mr. Kempson"",""Mrs. Ivempson"",""Rev. Howell"",""Mrs. Howell"",""Mr. Watt"",""Mrs. Watt"",""Mr. E. Marx"",""Mr. Goldschmidt"",""Mr. C. Frankel"",""Dr. A. F. Antell"",""Dr. H. Hildebrand"",""Mr. Nathaniel Hone"",""Mrs. Nathaniel Hone"",""Alderman W. Cook"",""Mr. Cook Junr"",""Mr. H. B. Sale""]}"
1892-01-23,Nefertari,"{""passengers"":[""Mr. Platt"",""Miss Platt"",""Rev. G. Akehurst"",""Count de Natte"",""Count de Ducfort"",""Lieutenant Kraemer"",""Madme Kraemer"",""Mrs. Moore"",""Miss Moore"",""Miss Sing"",""Mr. Sing"",""Mr. H. Norman"",""Mrs. Norman"",""Mr. Seton Carr"",""Mrs. Knowles"",""Rev. Padfield""]}"
1892-02-09,Rameses,"{""passengers"":[""Mr. C. M. Montgomerie"",""Lord Dynevor"",""Valet"",""Mr. G. M. Montgomerie"",""Dr. Hindes"",""Mr. Mortimer Harris"",""Mr. R. Pauling"",""Lord Boston"",""Lady Boston"",""Maid"",""Valet"",""Mr. R. P. Page"",""Mr. Rabbits"",""Mrs. Rabbits"",""Mr. Guillain"",""Mr. Berseville"",""Lady Clara Rayleigh"",""Honorable Chas. Strutt"",""Mr. Pain"",""Mrs. Pain"",""Mr. Smith"",""Mr. Ball"",""Mrs. Ball"",""Mrs. Smith"",""Mrs. Cutting"",""Miss Smith"",""Miss Cutting"",""Lord de Ramsey"",""Lady de Ramsey"",""Maid"",""Miss Nicoll"",""Miss F. Nicoll"",""Miss A. Nicoll"",""Miss Jearems"",""Mr. Crewdson"",""Mrs. Crewdson"",""Mr. J. G. Fleming"",""Mrs. Fleming"",""Mr. W. S. Rowntree"",""Mr. J. H. Rowntree"",""Colonel Parry"",""Mr. Meyer"",""Marquis Champagne"",""Sir John Llewellyn"",""Lady Llewellyn"",""Mr. Llewellyn"",""Miss Llewellyn"",""Mr. T. Franklin"",""Mrs. Franklin"",""Miss Franklin"",""Maid"",""Count Bubna"",""Mr. Serstevens"",""Hon. Crosby Noyes"",""Mr. Fowler"",""Mrs. Fowler"",""Master Fowler"",""Mr. A. O. Parkin"",""Mrs. Eccles"",""Miss Eccles"",""Mr. Sinton"",""Mr. Hartree"",""Vice Admiral The Hon. W. J. Ward"",""Mr. Rosner"",""Mr. Rosenstock"",""Mrs. Rosenstock"",""Mr. Fleming"",""Mons. E. Grebert"",""Col. Howard"",""Mrs. Howard"",""Miss du Puy Wilder"",""Count Diodati"",""Doctor E. Cohn"",""Mrs. Cohn"",""Mr. Stewart"",""Mrs. Stewart"",""Miss Stewart""]}"
1892-02-13,La Normandie,"{""passengers"":[""Mr. ROBERT"",""W. PATERSON"",""MR. JOHN R. TOLAR"",""Mr. G. P. LORD"",""Mrs. G. P. LORD"",""Prof. JUDGE DURHAM"",""Mr. J. CHAS. DICKEN"",""Mr. D. W. LAWRENCE"",""Mr. R. B. LAWRENCE"",""Mr. J. A. NELSON"",""Mr. E. C. SHAW"",""Mrs. E. C. SHAW"",""Master SHAW"",""Mr. W. P. WINANS"",""Mrs. W. P. WINANS"",""Mr. C. A. RICH"",""Mrs. C. A. RICH"",""Mr. SIMON J. LOEWENTHAL"",""Mr. O. C. ASHTON.""]}"
1892-02-16,Mohammed Ali,"{""passengers"":[""Mr. Howard Cramp"",""Mr. W. F. Hirons"",""Mr. J. C. Thomas Junr."",""Mr. Jay Cooke (3rd)"",""Mr. G. B. Woodman"",""Mrs. Woodman"",""Mr. H. G. Woodman"",""Mrs. Cottrell Dormer"",""Miss Cottrell Dormer"",""Maid"",""Mr. Gibson"",""Dr. Wickham"",""Dr. Norrie"",""Miss Norrie"",""Miss S. Norrie"",""Mr. R. W. Wilkinson"",""Mrs. Wilkinson"",""Mr. W. E. Thompson"",""Mrs. L. M. Rice"",""Mr. W. E. Mc Kee"",""Mrs. Mc Kee"",""Sir Philip Mainwaring"",""Lady Mainwaring"",""Mr. Wight"",""Mrs. Wight"",""Mrs. C. Phelps"",""Miss Phelps"",""Mrs. W. Jacomb"",""Mrs. Danvers"",""Mr. R. Danvers"",""Capt. Britten"",""Mrs. Britten"",""Mr. A. Duncan"",""Miss Entwistle"",""Mr. Rolls"",""Mrs. Rolls"",""Miss Rolls"",""Maid"",""Madame Massieu"",""Madame Cros"",""Mr. H. A. Harper"",""Lady E. Harper"",""Miss E. Harper"",""Mr. Zuckermandel"",""Mr. Hamouy"",""Mrs. Hamony"",""M. Paul Brichet"",""Miss Gibson"",""Maid""]}"
1892-02-23,Rameses The Great,"{""passengers"":[""Mr. S. Thomas"",""Mrs. Thomas"",""Mr. G. H. Smith"",""Mrs. Smith"",""Miss Smith"",""Mr. H. S. Webster"",""Mrs. Webster"",""Mr. Edouard Sens"",""Mrs. Edouard Sens"",""Miss Sens"",""Mr. T. Chofecki"",""Mrs. F. H. Slade"",""Miss M. Slade"",""Mr. F. L. Slade"",""Master W. Slade"",""Miss G. Gingrich"",""Mr. W. S. Gilbert"",""Mrs. Gilbert"",""Maid"",""Mr. F. B. Hubbell"",""Rev. J. P. Lewis"",""Mr. Merton"",""Mrs. Merton"",""Maid"",""Mrs C. Tunnicliffe"",""Mr. Wallace"",""Mrs. Wallace"",""Mr. Eckersley"",""Mr. F. E. Eckersley"",""Mr. W. H. Ramsden"",""Mr. H. Kirkpatrick"",""Mr. J. H. Coit"",""Mr. J. Knox Tibbett"",""Col. von Thumen"",""Mrs. von Thumen"",""Mr. Lee"",""Mr. R. Clough"",""Miss Clough"",""Miss Clough"",""Miss Cleveland"",""Mrs. Simpson"",""Mr. A. T. Layton"",""Mr. J. Layton"",""Miss Hill"",""Miss L. Hill"",""Maid"",""Count Gizycki"",""Mr. Theodor Hammerle"",""Mrs. Hammerle"",""Mr. S. Morris"",""Mr. A. S. Munns"",""Mr. Clarke"",""Mr. Chas. Clarke"",""Mr. Harvey Clarke"",""Miss Agnes Clarke"",""Miss Ellen Clarke"",""Miss Adela Clarke"",""Mr. Wilkinson"",""Mrs. Wilkinson"",""Mr. Mortimer Harris"",""Mr. Love"",""Mrs. Love"",""Mr. J. G. Robinson"",""Mrs. Robinson"",""Mr. J. R. Mc Cune"",""Mr. Bentley"",""Mrs. Bentley"",""Mr. Alex. Cross"",""Master Cross"",""Master Cross"",""Mr. Byrne"",""Mrs Byrne"",""M. Michau"",""Madme michau""]}"
1892-02-25,Tewfik,"{""passengers"":[""Mrs. Kinsley"",""Miss Butt"",""Dr. Russell"",""Mrs. Russell"",""Mr. Reginald Barratt"",""Mrs. Reginald Barratt"",""Mrs. Manley Sims"",""Mr. Huntley"",""Mr. Magnus"",""Mrs. Magnus"",""Mr. Longfield"",""Mrs. Longfield"",""Mrs. Ford"",""Maid"",""Mr. Spalding"",""Count A. F. Krasinski"",""Doctor Dmochowski"",""Valet"",""Mr. Paul Parey"",""Mr. E. Puls"",""Mr. Gillett"",""Dr. Dettweiler"",""Herr Springer"",""Count de Villa Gonzalo"",""Mr. Gonzales"",""Miss E. Abrisch"",""Miss A. Abrisch"",""Mr. Nestle"",""Mr. Gille""]}"
1897-12-11,Hatasoo,"{""passengers"":[""Mr. Forsyth"",""Miss Forsyth"",""Mrs. Inglis"",""Miss Castleman"",""Miss A. Wiles"",""Miss M. Lucas"",""Mr. Louis Reibold"",""Mr. A. J. Soutar"",""Major-General C. Sim"",""Mrs. Sim"",""Miss Sim"",""Mrs. Dorling"",""Miss C. Roper"",""Mr. Horne"",""Mr. Tranchant""]}"